Source,Target
CodeAcademy.com,MLHub.com
DataScience101.com,DeepLearningCentral.com
MachineLearningMastery.com,AIWorld.com
PyProgramming.com,DataMiningExperts.com
DeepLearningCentral.com,DataMiningExperts.com
NeuralNetworksToday.com,BigDataSolutions.com
BigDataSolutions.com,MachineLearningMastery.com
AIWorld.com,CodeAcademy.com
MLHub.com,NeuralNetworksToday.com
DataScience101.com,AIWorld.com
BigDataSolutions.com,NeuralNetworksToday.com
MachineLearningMastery.com,CodeAcademy.com
DataMiningExperts.com,DeepLearningCentral.com
NeuralNetworksToday.com,MachineLearningMastery.com
